# C for functions this decompilation still has as assembly, for the native port only (OpenRAC port/game/rac1-pal, hostgen.json "candidates").
# Each does what the retail function does without matching its bytes; the matching build never reads it.
# name	file
func_001F3890	nonmatching/game/func_001F3890.c
func_001FAB40	nonmatching/game/func_001FAB40.c
func_00125358	nonmatching/core/func_00125358.c
func_001F3140	nonmatching/game/func_001F3140.c
func_001F4868	nonmatching/game/func_001F4868.c
func_001F7680	nonmatching/game/func_001F7680.c
func_001F9878	nonmatching/game/func_001F9878.c
func_001F98B0	nonmatching/game/func_001F98B0.c
func_001F98C0	nonmatching/game/func_001F98C0.c
func_001F98E8	nonmatching/game/func_001F98E8.c
func_001F98F8	nonmatching/game/func_001F98F8.c
func_001F9A00	nonmatching/game/func_001F9A00.c
func_001F9AF0	nonmatching/game/func_001F9AF0.c
func_001F9B90	nonmatching/game/func_001F9B90.c
func_001FA058	nonmatching/game/func_001FA058.c
func_001FA190	nonmatching/game/func_001FA190.c
func_001FA540	nonmatching/game/func_001FA540.c
func_001FA7D8	nonmatching/game/func_001FA7D8.c
func_0020C210	nonmatching/game/func_0020C210.c
func_0020C230	nonmatching/game/func_0020C230.c
func_00213C78	nonmatching/game/func_00213C78.c
func_0022DD68	nonmatching/game/func_0022DD68.c
func_00120C58	nonmatching/core/func_00120C58.c
func_0012AAA8	nonmatching/core/func_0012AAA8.c
func_001F7070	nonmatching/game/func_001F7070.c
func_001F9810	nonmatching/game/func_001F9810.c
func_001F9B20	nonmatching/game/func_001F9B20.c
func_001FA168	nonmatching/game/func_001FA168.c
func_001FA4F0	nonmatching/game/func_001FA4F0.c
func_0020E360	nonmatching/game/func_0020E360.c
func_0022DBE8	nonmatching/game/func_0022DBE8.c
func_001151B4	nonmatching/core/func_001151B4.c
func_001152F8	nonmatching/core/func_001152F8.c
func_001153FC	nonmatching/core/func_001153FC.c
func_001165B8	nonmatching/core/func_001165B8.c
func_001166FC	nonmatching/core/func_001166FC.c
func_0012AC80	nonmatching/core/func_0012AC80.c
func_001EBB48	nonmatching/game/func_001EBB48.c
func_001FA238	nonmatching/game/func_001FA238.c
func_001FF958	nonmatching/game/func_001FF958.c
func_0020C2F8	nonmatching/game/func_0020C2F8.c
func_00226808	nonmatching/game/func_00226808.c
