segment,name,vram,size
core_text,func_00112380,0x00112380,0x28
core_text,func_001123A8,0x001123A8,0xBC
core_text,func_00112464,0x00112464,0x4
core_text,func_00112468,0x00112468,0x58
core_text,func_001124C0,0x001124C0,0x214
core_text,func_001126D8,0x001126D8,0x11CC
core_text,func_001138A4,0x001138A4,0x4
core_text,func_001138A8,0x001138A8,0xC
core_text,func_001138B4,0x001138B4,0x4
core_text,func_001138B8,0x001138B8,0xB0
core_text,func_00113968,0x00113968,0x104
core_text,func_00113A6C,0x00113A6C,0x4
core_text,func_00113A70,0x00113A70,0x58
core_text,func_00113AC8,0x00113AC8,0xC
core_text,func_00113AD8,0x00113AD8,0x4
core_text,func_00113AE0,0x00113AE0,0x8C
core_text,func_00113B6C,0x00113B6C,0x4
core_text,func_00113B70,0x00113B70,0x31C
core_text,func_00113E90,0x00113E90,0x16C
core_text,func_00113FFC,0x00113FFC,0x4
core_text,func_00114000,0x00114000,0x5C
core_text,func_0011405C,0x0011405C,0x4
core_text,func_00114060,0x00114060,0x3D8
core_text,func_00114438,0x00114438,0x94
core_text,func_001144CC,0x001144CC,0x8
core_text,func_001144D8,0x001144D8,0xC
core_text,func_001144E8,0x001144E8,0x4
core_text,func_001144F0,0x001144F0,0x24
core_text,func_00114514,0x00114514,0x4
core_text,func_00114518,0x00114518,0x60
core_text,func_00114578,0x00114578,0x150
core_text,func_001146C8,0x001146C8,0x254
core_text,func_00114920,0x00114920,0x778
core_text,func_00115098,0x00115098,0x3C
core_text,func_001150D4,0x001150D4,0xE0
core_text,func_001151B4,0x001151B4,0x94
core_text,func_00115248,0x00115248,0xB0
core_text,func_001152F8,0x001152F8,0x104
core_text,func_001153FC,0x001153FC,0xC0
core_text,func_001154BC,0x001154BC,0x4
core_text,func_001154C0,0x001154C0,0x8
core_text,func_001154C8,0x001154C8,0x8
core_text,func_001154D0,0x001154D0,0xA8
core_text,func_00115578,0x00115578,0x2C
core_text,func_001155A8,0x001155A8,0x114
core_text,func_001156C0,0x001156C0,0x84
core_text,func_00115748,0x00115748,0xC0
core_text,func_00115808,0x00115808,0x38
core_text,func_00115840,0x00115840,0x22C
core_text,func_00115A70,0x00115A70,0x100
core_text,func_00115B70,0x00115B70,0x178
core_text,func_00115CE8,0x00115CE8,0x68
core_text,func_00115D50,0x00115D50,0x190
core_text,func_00115EE0,0x00115EE0,0x4
core_text,func_00115EE8,0x00115EE8,0x17C
core_text,func_00116068,0x00116068,0xC
core_text,func_00116078,0x00116078,0x50
core_text,func_001160C8,0x001160C8,0x10
core_text,func_001160D8,0x001160D8,0x30
core_text,func_00116108,0x00116108,0x60
core_text,func_00116168,0x00116168,0x48
core_text,func_001161B0,0x001161B0,0x38
core_text,func_001161E8,0x001161E8,0x5C
core_text,func_00116244,0x00116244,0x4
core_text,func_00116248,0x00116248,0x70
core_text,func_001162B8,0x001162B8,0x64
core_text,func_00116320,0x00116320,0x80
core_text,func_001163A0,0x001163A0,0x68
core_text,func_00116408,0x00116408,0x20
core_text,func_00116428,0x00116428,0x190
core_text,func_001165B8,0x001165B8,0x144
core_text,func_001166FC,0x001166FC,0x114
core_text,func_00116810,0x00116810,0x138
core_text,func_00116948,0x00116948,0x1B8
core_text,func_00116B00,0x00116B00,0x1BC
core_text,func_00116CBC,0x00116CBC,0x70
core_text,func_00116D2C,0x00116D2C,0x4
core_text,func_00116D30,0x00116D30,0x238
core_text,func_00116F68,0x00116F68,0x34
core_text,func_00116F9C,0x00116F9C,0x4
core_text,func_00116FA0,0x00116FA0,0x44
core_text,func_00116FE8,0x00116FE8,0xB4
core_text,func_001170A0,0x001170A0,0x78
core_text,func_00117118,0x00117118,0x1518
core_text,func_00118630,0x00118630,0x1B0
core_text,func_001187E0,0x001187E0,0xE0
core_text,func_001188C0,0x001188C0,0x8
core_text,func_001188C8,0x001188C8,0x60
core_text,func_00118928,0x00118928,0x10C
core_text,func_00118A34,0x00118A34,0x1C
core_text,func_00118A50,0x00118A50,0x10
core_text,func_00118A60,0x00118A60,0x10
core_text,func_00118A70,0x00118A70,0x10
core_text,func_00118A80,0x00118A80,0x10
core_text,func_00118A90,0x00118A90,0x10
core_text,func_00118AA0,0x00118AA0,0x10
core_text,func_00118AB0,0x00118AB0,0x10
core_text,func_00118AC0,0x00118AC0,0x10
core_text,func_00118AD0,0x00118AD0,0x10
core_text,func_00118AE0,0x00118AE0,0x10
core_text,func_00118AF0,0x00118AF0,0x10
core_text,func_00118B00,0x00118B00,0x10
core_text,func_00118B10,0x00118B10,0x10
core_text,func_00118B20,0x00118B20,0x10
core_text,func_00118B30,0x00118B30,0x10
core_text,func_00118B40,0x00118B40,0x10
core_text,func_00118B50,0x00118B50,0x10
core_text,func_00118B60,0x00118B60,0x10
core_text,func_00118B70,0x00118B70,0x10
core_text,func_00118B80,0x00118B80,0x10
core_text,func_00118B90,0x00118B90,0x10
core_text,func_00118BA0,0x00118BA0,0x10
core_text,func_00118BB0,0x00118BB0,0x10
core_text,func_00118BC0,0x00118BC0,0x10
core_text,func_00118BD0,0x00118BD0,0x10
core_text,func_00118BE0,0x00118BE0,0x10
core_text,func_00118BF0,0x00118BF0,0x10
core_text,func_00118C00,0x00118C00,0x10
core_text,func_00118C10,0x00118C10,0x10
core_text,func_00118C20,0x00118C20,0x10
core_text,func_00118C30,0x00118C30,0x10
core_text,func_00118C40,0x00118C40,0x10
core_text,func_00118C50,0x00118C50,0x10
core_text,func_00118C60,0x00118C60,0x10
core_text,func_00118C70,0x00118C70,0x10
core_text,func_00118C80,0x00118C80,0x10
core_text,func_00118C90,0x00118C90,0x10
core_text,func_00118CA0,0x00118CA0,0x10
core_text,func_00118CB0,0x00118CB0,0x10
core_text,func_00118CC0,0x00118CC0,0x10
core_text,func_00118CD0,0x00118CD0,0x10
core_text,func_00118CE0,0x00118CE0,0x10
core_text,func_00118CF0,0x00118CF0,0x10
core_text,func_00118D00,0x00118D00,0x10
core_text,func_00118D10,0x00118D10,0x10
core_text,func_00118D20,0x00118D20,0x10
core_text,func_00118D30,0x00118D30,0x10
core_text,func_00118D40,0x00118D40,0x10
core_text,func_00118D50,0x00118D50,0x10
core_text,func_00118D60,0x00118D60,0x10
core_text,func_00118D70,0x00118D70,0x10
core_text,func_00118D80,0x00118D80,0x10
core_text,func_00118D90,0x00118D90,0x10
core_text,func_00118DA0,0x00118DA0,0x10
core_text,func_00118DB0,0x00118DB0,0x10
core_text,func_00118DC0,0x00118DC0,0x10
core_text,func_00118DD0,0x00118DD0,0x10
core_text,func_00118DE0,0x00118DE0,0x10
core_text,func_00118DF0,0x00118DF0,0x10
core_text,func_00118E00,0x00118E00,0x10
core_text,func_00118E10,0x00118E10,0x10
core_text,func_00118E20,0x00118E20,0x10
core_text,func_00118E30,0x00118E30,0x10
core_text,func_00118E40,0x00118E40,0x10
core_text,func_00118E50,0x00118E50,0x10
core_text,func_00118E60,0x00118E60,0x10
core_text,func_00118E70,0x00118E70,0x10
core_text,func_00118E80,0x00118E80,0x10
core_text,func_00118E90,0x00118E90,0x10
core_text,func_00118EA0,0x00118EA0,0x10
core_text,func_00118EB0,0x00118EB0,0x10
core_text,func_00118EC0,0x00118EC0,0xC
core_text,func_00118ED0,0x00118ED0,0x90
core_text,func_00118F60,0x00118F60,0xA4
core_text,func_00119008,0x00119008,0x7C
core_text,func_00119088,0x00119088,0x74
core_text,func_00119100,0x00119100,0x8
core_text,func_00119108,0x00119108,0x8
core_text,func_00119110,0x00119110,0xAC
core_text,func_001191C0,0x001191C0,0x8
core_text,func_001191C8,0x001191C8,0x14
core_text,func_001191E0,0x001191E0,0xA4
core_text,func_00119288,0x00119288,0x7C
core_text,func_00119308,0x00119308,0x20
core_text,func_00119328,0x00119328,0x68
core_text,func_00119390,0x00119390,0x68
core_text,func_001193F8,0x001193F8,0x68
core_text,func_00119460,0x00119460,0x68
core_text,func_001194C8,0x001194C8,0xD8
core_text,func_001195A0,0x001195A0,0xD4
core_text,func_00119678,0x00119678,0x94
core_text,func_00119710,0x00119710,0x4
core_text,func_00119718,0x00119718,0x44
core_text,func_00119760,0x00119760,0x4
core_text,func_00119768,0x00119768,0x30
core_text,func_00119798,0x00119798,0x24
core_text,func_001197C0,0x001197C0,0x34
core_text,func_001197F8,0x001197F8,0x34
core_text,func_00119830,0x00119830,0xC
core_text,func_00119840,0x00119840,0x24
core_text,func_00119864,0x00119864,0x4
core_text,func_00119868,0x00119868,0x24
core_text,func_00119890,0x00119890,0x3C
core_text,func_001198D0,0x001198D0,0x3C
core_text,func_00119910,0x00119910,0x194
core_text,func_00119AA8,0x00119AA8,0x150
core_text,func_00119BF8,0x00119BF8,0xD0
core_text,func_00119CC8,0x00119CC8,0xBC
core_text,func_00119D84,0x00119D84,0x4
core_text,func_00119D88,0x00119D88,0x38
core_text,func_00119DC0,0x00119DC0,0xB0
core_text,func_00119E70,0x00119E70,0x34
core_text,func_00119EA8,0x00119EA8,0x90
core_text,func_00119F38,0x00119F38,0x168
core_text,func_0011A0A0,0x0011A0A0,0x5EC
core_text,func_0011A690,0x0011A690,0x38
core_text,func_0011A6C8,0x0011A6C8,0x60
core_text,func_0011A728,0x0011A728,0x1C
core_text,func_0011A748,0x0011A748,0xC
core_text,func_0011A758,0x0011A758,0x18
core_text,func_0011A770,0x0011A770,0xC
core_text,func_0011A780,0x0011A780,0x280
core_text,func_0011AA00,0x0011AA00,0x34
core_text,func_0011AA38,0x0011AA38,0x2C
core_text,func_0011AA68,0x0011AA68,0x28
core_text,func_0011AA90,0x0011AA90,0x134
core_text,func_0011ABC8,0x0011ABC8,0x3C
core_text,func_0011AC08,0x0011AC08,0x3C
core_text,func_0011AC48,0x0011AC48,0x128
core_text,func_0011AD70,0x0011AD70,0xAC
core_text,func_0011AE1C,0x0011AE1C,0x4
core_text,func_0011AE20,0x0011AE20,0x19C
core_text,func_0011AFC0,0x0011AFC0,0x24
core_text,func_0011AFE8,0x0011AFE8,0xA8
core_text,func_0011B090,0x0011B090,0x1C
core_text,func_0011B0B0,0x0011B0B0,0x30
core_text,func_0011B0E0,0x0011B0E0,0xB4
core_text,func_0011B198,0x0011B198,0x60
core_text,func_0011B1F8,0x0011B1F8,0x4C
core_text,func_0011B248,0x0011B248,0xB0
core_text,func_0011B2F8,0x0011B2F8,0x140
core_text,func_0011B438,0x0011B438,0x8C
core_text,func_0011B4C8,0x0011B4C8,0x1EC
core_text,func_0011B6B8,0x0011B6B8,0x3C
core_text,func_0011B6F8,0x0011B6F8,0x14
core_text,func_0011B710,0x0011B710,0x5C
core_text,func_0011B770,0x0011B770,0x88
core_text,func_0011B7F8,0x0011B7F8,0x6C
core_text,func_0011B868,0x0011B868,0x384
core_text,func_0011BBF0,0x0011BBF0,0x4C
core_text,func_0011BC40,0x0011BC40,0x2C
core_text,func_0011BC70,0x0011BC70,0xC
core_text,func_0011BC80,0x0011BC80,0x2C
core_text,func_0011BCB0,0x0011BCB0,0x204
core_text,func_0011BEB8,0x0011BEB8,0x8C
core_text,func_0011BF48,0x0011BF48,0x34
core_text,func_0011BF80,0x0011BF80,0x284
core_text,func_0011C208,0x0011C208,0x17C
core_text,func_0011C388,0x0011C388,0x238
core_text,func_0011C5C0,0x0011C5C0,0x260
core_text,func_0011C820,0x0011C820,0x2C0
core_text,func_0011CAE0,0x0011CAE0,0xE8
core_text,func_0011CBC8,0x0011CBC8,0x70
core_text,func_0011CC38,0x0011CC38,0x78
core_text,func_0011CCB0,0x0011CCB0,0x1C
core_text,func_0011CCD0,0x0011CCD0,0x10
core_text,func_0011CCE0,0x0011CCE0,0x100
core_text,func_0011CDE0,0x0011CDE0,0x8C
core_text,func_0011CE70,0x0011CE70,0x208
core_text,func_0011D078,0x0011D078,0x1C
core_text,func_0011D098,0x0011D098,0x38
core_text,func_0011D0D0,0x0011D0D0,0x13C
core_text,func_0011D210,0x0011D210,0x38
core_text,func_0011D248,0x0011D248,0x110
core_text,func_0011D358,0x0011D358,0x4
core_text,func_0011D360,0x0011D360,0x10
core_text,func_0011D370,0x0011D370,0x38
core_text,func_0011D3A8,0x0011D3A8,0x10
core_text,func_0011D3B8,0x0011D3B8,0x10
core_text,func_0011D3C8,0x0011D3C8,0xC4
core_text,func_0011D490,0x0011D490,0x10
core_text,func_0011D4A0,0x0011D4A0,0x40
core_text,func_0011D4E0,0x0011D4E0,0x1F4
core_text,func_0011D6D4,0x0011D6D4,0x28C
core_text,func_0011D960,0x0011D960,0x48
core_text,func_0011D9A8,0x0011D9A8,0x18
core_text,func_0011D9C0,0x0011D9C0,0x48
core_text,func_0011DA08,0x0011DA08,0x38
core_text,func_0011DA40,0x0011DA40,0x40
core_text,func_0011DA80,0x0011DA80,0x10
core_text,func_0011DA90,0x0011DA90,0x4
core_text,func_0011DA98,0x0011DA98,0xFC
core_text,func_0011DB98,0x0011DB98,0x10
core_text,func_0011DBA8,0x0011DBA8,0x3C
core_text,func_0011DBE4,0x0011DBE4,0x4
core_text,func_0011DBE8,0x0011DBE8,0x10
core_text,func_0011DBF8,0x0011DBF8,0x10
core_text,func_0011DC08,0x0011DC08,0x38
core_text,func_0011DC40,0x0011DC40,0x10
core_text,func_0011DC50,0x0011DC50,0x68
core_text,func_0011DCB8,0x0011DCB8,0xAC
core_text,func_0011DD64,0x0011DD64,0x34
core_text,func_0011DD98,0x0011DD98,0x8
core_text,func_0011DDA0,0x0011DDA0,0x28
core_text,func_0011DDC8,0x0011DDC8,0x8
core_text,func_0011DDD0,0x0011DDD0,0x10
core_text,func_0011DDE0,0x0011DDE0,0x10
core_text,func_0011DDF0,0x0011DDF0,0x38
core_text,func_0011DE28,0x0011DE28,0x10
core_text,func_0011DE38,0x0011DE38,0xD4
core_text,func_0011DF0C,0x0011DF0C,0xBC
core_text,func_0011DFC8,0x0011DFC8,0x20
core_text,func_0011DFE8,0x0011DFE8,0x6EC
core_text,func_0011E6D4,0x0011E6D4,0x4
core_text,func_0011E6D8,0x0011E6D8,0xEC
core_text,func_0011E7C4,0x0011E7C4,0x4
core_text,func_0011E7C8,0x0011E7C8,0x98
core_text,func_0011E860,0x0011E860,0x668
core_text,func_0011EEC8,0x0011EEC8,0x60
core_text,func_0011EF28,0x0011EF28,0x5D0
core_text,func_0011F4F8,0x0011F4F8,0x540
core_text,func_0011FA38,0x0011FA38,0x12C
core_text,func_0011FB68,0x0011FB68,0x9C
core_text,func_0011FC08,0x0011FC08,0x240
core_text,func_0011FE48,0x0011FE48,0x58
core_text,func_0011FEA0,0x0011FEA0,0x64
core_text,func_0011FF08,0x0011FF08,0x2A8
core_text,func_001201B0,0x001201B0,0x168
core_text,func_00120318,0x00120318,0x114
core_text,func_00120430,0x00120430,0x4C
core_text,func_00120480,0x00120480,0xB8
core_text,func_00120538,0x00120538,0x94
core_text,func_001205D0,0x001205D0,0xA0
core_text,func_00120670,0x00120670,0x2C
core_text,func_001206A0,0x001206A0,0x8
core_text,func_001206B0,0x001206B0,0x90
core_text,func_00120740,0x00120740,0x34
core_text,func_00120778,0x00120778,0x40
core_text,func_001207B8,0x001207B8,0xA0
core_text,func_00120858,0x00120858,0x8C
core_text,func_001208E4,0x001208E4,0x28
core_text,func_00120910,0x00120910,0x68
core_text,func_00120978,0x00120978,0x5C
core_text,func_001209D8,0x001209D8,0xA0
core_text,func_00120A78,0x00120A78,0xB0
core_text,func_00120B28,0x00120B28,0x94
core_text,func_00120BC0,0x00120BC0,0x94
core_text,func_00120C58,0x00120C58,0x44
core_text,func_00120CA0,0x00120CA0,0x78
core_text,func_00120D18,0x00120D18,0xC
core_text,func_00120D28,0x00120D28,0x170
core_text,func_00120E98,0x00120E98,0x98
core_text,func_00120F30,0x00120F30,0xA0
core_text,func_00120FD0,0x00120FD0,0x6C
core_text,func_00121040,0x00121040,0x170
core_text,func_001211B0,0x001211B0,0x2E0
core_text,func_00121490,0x00121490,0x1F8
core_text,func_00121688,0x00121688,0xC4
core_text,func_0012174C,0x0012174C,0x4
core_text,func_00121750,0x00121750,0x1E0
core_text,func_00121930,0x00121930,0x98
core_text,func_001219C8,0x001219C8,0xB8
core_text,func_00121A80,0x00121A80,0xF8
core_text,func_00121B78,0x00121B78,0x190
core_text,func_00121D08,0x00121D08,0xC
core_text,func_00121D14,0x00121D14,0x4
core_text,func_00121D18,0x00121D18,0xA0
core_text,func_00121DB8,0x00121DB8,0x10
core_text,func_00121DC8,0x00121DC8,0x374
core_text,func_0012213C,0x0012213C,0xC0
core_text,func_001221FC,0x001221FC,0x4
core_text,func_00122200,0x00122200,0xC8
core_text,func_001222C8,0x001222C8,0x1E4
core_text,func_001224AC,0x001224AC,0xEC
core_text,func_00122598,0x00122598,0x94
core_text,func_0012262C,0x0012262C,0x1E8
core_text,func_00122814,0x00122814,0x144
core_text,func_00122958,0x00122958,0x17C
core_text,func_00122AD4,0x00122AD4,0x690
core_text,func_00123164,0x00123164,0xA4
core_text,func_00123208,0x00123208,0x70
core_text,func_00123278,0x00123278,0x4
core_text,func_00123280,0x00123280,0x28
core_text,func_001232A8,0x001232A8,0x34
core_text,func_001232E0,0x001232E0,0x28
core_text,func_00123308,0x00123308,0xDC
core_text,func_001233E8,0x001233E8,0x1D8
core_text,func_001235C0,0x001235C0,0x70
core_text,func_00123630,0x00123630,0x1C
core_text,func_00123650,0x00123650,0x98
core_text,func_001236E8,0x001236E8,0x1BC
core_text,func_001238A8,0x001238A8,0x4
core_text,func_001238B0,0x001238B0,0x124
core_text,func_001239D8,0x001239D8,0x34
core_text,func_00123A10,0x00123A10,0xB8
core_text,func_00123AC8,0x00123AC8,0xD8
core_text,func_00123BA0,0x00123BA0,0x90
core_text,func_00123C30,0x00123C30,0x114
core_text,func_00123D48,0x00123D48,0x174
core_text,func_00123EC0,0x00123EC0,0x24
core_text,func_00123EE8,0x00123EE8,0x44
core_text,func_00123F30,0x00123F30,0xE0
core_text,func_00124010,0x00124010,0x54
core_text,func_00124068,0x00124068,0x17C
core_text,func_001241E8,0x001241E8,0x150
core_text,func_00124338,0x00124338,0xD4
core_text,func_00124410,0x00124410,0x118
core_text,func_00124528,0x00124528,0xCC
core_text,func_001245F8,0x001245F8,0x54
core_text,func_00124650,0x00124650,0x194
core_text,func_001247E8,0x001247E8,0x6C
core_text,func_00124858,0x00124858,0xC8
core_text,func_00124920,0x00124920,0x148
core_text,func_00124A68,0x00124A68,0x4
core_text,func_00124A70,0x00124A70,0xEC
core_text,func_00124B60,0x00124B60,0x28
core_text,func_00124B88,0x00124B88,0x3C
core_text,func_00124BC8,0x00124BC8,0x148
core_text,func_00124D10,0x00124D10,0xDC
core_text,func_00124DF0,0x00124DF0,0xF0
core_text,func_00124EE0,0x00124EE0,0x13C
core_text,func_00125020,0x00125020,0x54
core_text,func_00125078,0x00125078,0x64
core_text,func_001250E0,0x001250E0,0x80
core_text,func_00125160,0x00125160,0xB0
core_text,func_00125210,0x00125210,0x88
core_text,func_00125298,0x00125298,0x64
core_text,func_00125300,0x00125300,0x40
core_text,func_00125340,0x00125340,0x40
core_text,func_00125380,0x00125380,0x74
core_text,func_001253F8,0x001253F8,0xA4
core_text,func_001254A0,0x001254A0,0xA8
core_text,func_00125548,0x00125548,0xA8
core_text,func_001255F0,0x001255F0,0x40
core_text,func_00125630,0x00125630,0x250
core_text,func_00125880,0x00125880,0x704
core_text,func_00125F88,0x00125F88,0x41C
core_text,func_001263A8,0x001263A8,0x21C
core_text,func_001265C8,0x001265C8,0x74
core_text,func_00126640,0x00126640,0x94
core_text,func_001266D8,0x001266D8,0xB4
core_text,func_00126790,0x00126790,0xCC
core_text,func_00126860,0x00126860,0xAC
core_text,func_00126910,0x00126910,0xB8
core_text,func_001269C8,0x001269C8,0xF8
core_text,func_00126AC0,0x00126AC0,0xFC
core_text,func_00126BC0,0x00126BC0,0x9C
core_text,func_00126C60,0x00126C60,0xAC
core_text,func_00126D10,0x00126D10,0xDC
core_text,func_00126DF0,0x00126DF0,0xE4
core_text,func_00126ED8,0x00126ED8,0xD4
core_text,func_00126FB0,0x00126FB0,0xD0
core_text,func_00127080,0x00127080,0x120
core_text,func_001271A0,0x001271A0,0x114
core_text,func_001272B8,0x001272B8,0x5C
core_text,func_00127378,0x00127378,0x28
core_text,func_001273A0,0x001273A0,0x1FC
core_text,func_001275A0,0x001275A0,0x1C
core_text,func_001275C0,0x001275C0,0x184
core_text,func_00127748,0x00127748,0x110
core_text,func_00127858,0x00127858,0x108
core_text,func_00127960,0x00127960,0x12C
core_text,func_00127A90,0x00127A90,0x1F0
core_text,func_00127C80,0x00127C80,0xBC
core_text,func_00127D40,0x00127D40,0x4A8
core_text,func_001281E8,0x001281E8,0x88
core_text,func_00128270,0x00128270,0x19C
core_text,func_00128410,0x00128410,0x14C
core_text,func_00128560,0x00128560,0x2C
core_text,func_00128590,0x00128590,0xA4
core_text,func_00128638,0x00128638,0xB0
core_text,func_001286E8,0x001286E8,0x178
core_text,func_00128860,0x00128860,0x108
core_text,func_00128968,0x00128968,0xF0
core_text,func_00128A58,0x00128A58,0x150
core_text,func_00128BA8,0x00128BA8,0x7C
core_text,func_00128C28,0x00128C28,0x64
core_text,func_00128C90,0x00128C90,0x10C
core_text,func_00128DA0,0x00128DA0,0xC4
core_text,func_00128E68,0x00128E68,0x128
core_text,func_00128F90,0x00128F90,0x1F0
core_text,func_00129180,0x00129180,0x48
core_text,func_001291C8,0x001291C8,0x74
core_text,func_00129240,0x00129240,0xA0
core_text,func_001292E0,0x001292E0,0xC4
core_text,func_001293A8,0x001293A8,0xF4
core_text,func_001294A0,0x001294A0,0x90
core_text,func_00129530,0x00129530,0xCC
core_text,func_00129600,0x00129600,0x90
core_text,func_00129690,0x00129690,0x2B4
core_text,func_00129948,0x00129948,0xA0
core_text,func_001299E8,0x001299E8,0x290
core_text,func_00129C78,0x00129C78,0x28
core_text,func_00129CA0,0x00129CA0,0x18C
core_text,func_00129E30,0x00129E30,0x110
core_text,func_00129F40,0x00129F40,0x1B8
core_text,func_0012A0F8,0x0012A0F8,0x16C
core_text,func_0012A268,0x0012A268,0x84
core_text,func_0012A2EC,0x0012A2EC,0x4
core_text,func_0012A2F0,0x0012A2F0,0x128
core_text,func_0012A418,0x0012A418,0x140
core_text,func_0012A558,0x0012A558,0x1C0
core_text,func_0012A718,0x0012A718,0xCC
core_text,func_0012A7E8,0x0012A7E8,0x288
core_text,func_0012AA70,0x0012AA70,0x34
core_text,func_0012AAA8,0x0012AAA8,0x1C
core_text,func_0012AAC8,0x0012AAC8,0x98
core_text,func_0012AB60,0x0012AB60,0x4C
core_text,func_0012ABB0,0x0012ABB0,0x44
core_text,func_0012ABF8,0x0012ABF8,0x54
core_text,func_0012AC50,0x0012AC50,0x2C
core_text,func_0012AC7C,0x0012AC7C,0x4
core_text,func_0012AC80,0x0012AC80,0x88
core_text,func_0012AD08,0x0012AD08,0x300
core_text,func_0012B008,0x0012B008,0xF4
core_text,func_0012B100,0x0012B100,0x150
core_text,func_0012B250,0x0012B250,0x6C
core_text,func_0012B2C0,0x0012B2C0,0x5B0
core_text,func_0012B870,0x0012B870,0xA8
core_text,func_0012B918,0x0012B918,0x208
core_text,func_0012BB20,0x0012BB20,0x8
core_text,func_0012BB28,0x0012BB28,0x50
core_text,func_0012BB78,0x0012BB78,0x1C
core_text,func_0012BB98,0x0012BB98,0x10
core_text,func_0012BBA8,0x0012BBA8,0x50
core_text,func_0012BBF8,0x0012BBF8,0x54
core_text,func_0012BC50,0x0012BC50,0x24
core_text,func_0012BC78,0x0012BC78,0x50
core_text,func_0012BCC8,0x0012BCC8,0x24
core_text,func_0012BCF0,0x0012BCF0,0x34
core_text,func_0012BD28,0x0012BD28,0x14
core_text,func_0012BD40,0x0012BD40,0xC
core_text,func_0012BD50,0x0012BD50,0xC
core_text,func_0012BD60,0x0012BD60,0x6C
core_text,func_0012BDD0,0x0012BDD0,0x170
core_text,func_0012BF40,0x0012BF40,0x114
core_text,func_0012C058,0x0012C058,0x44
core_text,func_0012C0A0,0x0012C0A0,0x15C
core_text,func_0012C200,0x0012C200,0x68
core_text,func_0012C268,0x0012C268,0xC
core_text,func_0012C278,0x0012C278,0x7C
core_text,func_0012C2F8,0x0012C2F8,0x60
core_text,func_0012C358,0x0012C358,0xC8
core_text,func_0012C420,0x0012C420,0x10
core_text,func_0012C430,0x0012C430,0x34
core_text,func_0012C468,0x0012C468,0x54
core_text,func_0012C4C0,0x0012C4C0,0x20
core_text,func_0012C4E0,0x0012C4E0,0x124
core_text,func_0012C608,0x0012C608,0x2A8
core_text,func_0012C8B0,0x0012C8B0,0xE0
core_text,func_0012C990,0x0012C990,0xE0
core_text,func_0012CA70,0x0012CA70,0x130
core_text,func_0012CBA0,0x0012CBA0,0x8C
core_text,func_0012CC30,0x0012CC30,0xC
core_text,func_0012CC40,0x0012CC40,0xC
core_text,func_0012CC50,0x0012CC50,0xC
core_text,func_0012CC60,0x0012CC60,0xC
core_text,func_0012CC6C,0x0012CC6C,0x10
core_text,func_0012CC80,0x0012CC80,0xC
core_text,func_0012CC8C,0x0012CC8C,0x4
core_text,func_0012CC90,0x0012CC90,0x64
core_text,func_0012CCF8,0x0012CCF8,0x64
core_text,func_0012CD60,0x0012CD60,0xE4
core_text,func_0012CE48,0x0012CE48,0x150
core_text,func_0012CF98,0x0012CF98,0x68
core_text,func_0012D000,0x0012D000,0x64
core_text,func_0012D068,0x0012D068,0x238
core_text,func_0012D2A0,0x0012D2A0,0x9C
core_text,func_0012D340,0x0012D340,0x40
core_text,func_0012D380,0x0012D380,0x60
core_text,func_0012D3E0,0x0012D3E0,0xC
core_text,func_0012D3F0,0x0012D3F0,0x4C
core_text,func_0012D440,0x0012D440,0x4
core_text,func_0012D448,0x0012D448,0x68
core_text,func_0012D4B0,0x0012D4B0,0x2C
core_text,func_0012D4E0,0x0012D4E0,0x20
core_text,func_0012D500,0x0012D500,0x68
core_text,func_0012D568,0x0012D568,0x68
core_text,func_0012D5D0,0x0012D5D0,0xB4
core_text,func_0012D688,0x0012D688,0xA4
core_text,func_0012D730,0x0012D730,0x30
core_text,func_0012D760,0x0012D760,0x24
core_text,func_0012D788,0x0012D788,0x8C
core_text,func_0012D818,0x0012D818,0x48
core_text,func_0012D868,0x0012D868,0x1C0
core_text,func_0012DA28,0x0012DA28,0x8
core_text,func_0012DA30,0x0012DA30,0x8
core_text,func_0012DA38,0x0012DA38,0xDC
core_text,func_0012DB18,0x0012DB18,0x2A8
core_text,func_0012DDC0,0x0012DDC0,0x1E0
core_text,func_0012DFA0,0x0012DFA0,0xC
core_text,func_0012DFB0,0x0012DFB0,0x88
core_text,func_0012E038,0x0012E038,0x1C
core_text,func_0012E058,0x0012E058,0x15C
core_text,func_0012E1B8,0x0012E1B8,0x120
core_text,func_0012E2D8,0x0012E2D8,0x3C
core_text,func_0012E318,0x0012E318,0x30
core_text,func_0012E348,0x0012E348,0x34
core_text,func_0012E380,0x0012E380,0x30
core_text,func_0012E3B0,0x0012E3B0,0x44
core_text,func_0012E3F8,0x0012E3F8,0x3C
core_text,func_0012E438,0x0012E438,0x58
core_text,func_0012E490,0x0012E490,0x48
core_text,func_0012E4D8,0x0012E4D8,0x4C
core_text,func_0012E528,0x0012E528,0x30
core_text,func_0012E558,0x0012E558,0x30
core_text,func_0012E588,0x0012E588,0x30
core_text,func_0012E5B8,0x0012E5B8,0x90
core_text,func_0012E648,0x0012E648,0x3C
core_text,func_0012E688,0x0012E688,0x194
core_text,func_0012E820,0x0012E820,0x2C0
core_text,func_0012EAE0,0x0012EAE0,0x38
core_text,func_0012EB18,0x0012EB18,0x114
core_text,func_0012EC30,0x0012EC30,0xC
core_text,func_0012EC40,0x0012EC40,0x20
core_text,func_0012EC60,0x0012EC60,0xAC
core_text,func_0012ED10,0x0012ED10,0x2C
core_text,func_0012ED40,0x0012ED40,0x6C
core_text,func_0012EDB0,0x0012EDB0,0x30
core_text,func_0012EDE0,0x0012EDE0,0x30
core_text,func_0012EE10,0x0012EE10,0x30
core_text,func_0012EE40,0x0012EE40,0x30
core_text,func_0012EE70,0x0012EE70,0x28
core_text,func_0012EE98,0x0012EE98,0xB0
core_text,func_0012EF48,0x0012EF48,0x9C
core_text,func_0012EFE8,0x0012EFE8,0x44
core_text,func_0012F030,0x0012F030,0x38
core_text,func_0012F068,0x0012F068,0x30
core_text,func_0012F098,0x0012F098,0x50
core_text,func_0012F0E8,0x0012F0E8,0x34
core_text,func_0012F120,0x0012F120,0x3C
core_text,func_0012F160,0x0012F160,0x84
core_text,func_0012F1E8,0x0012F1E8,0x24
core_text,func_0012F210,0x0012F210,0x34
core_text,func_0012F248,0x0012F248,0x38
core_text,func_0012F280,0x0012F280,0x34
core_text,func_0012F2B8,0x0012F2B8,0x24
core_text,func_0012F2E0,0x0012F2E0,0x24
core_text,func_0012F308,0x0012F308,0x40
core_text,func_0012F348,0x0012F348,0xAC
core_text,func_0012F3F8,0x0012F3F8,0xB0
core_text,func_0012F4A8,0x0012F4A8,0xCC
text,func_001E9080,0x001E9080,0x4
text,func_001E9088,0x001E9088,0x414
text,func_001E94A0,0x001E94A0,0x4
text,func_001E94A8,0x001E94A8,0x18
text,func_001E94C8,0x001E94C8,0x1C
text,func_001E94E8,0x001E94E8,0x1D0
text,func_001E96B8,0x001E96B8,0x6C
text,func_001E9728,0x001E9728,0x4
text,func_001E9730,0x001E9730,0x38
text,func_001E9768,0x001E9768,0x8
text,func_001E9770,0x001E9770,0x8
text,func_001E9778,0x001E9778,0x8
text,func_001E9780,0x001E9780,0x8
text,func_001E9788,0x001E9788,0x8
text,func_001E9790,0x001E9790,0x8
text,func_001E9798,0x001E9798,0x8
text,func_001E97A0,0x001E97A0,0x8
text,func_001E97A8,0x001E97A8,0x8
text,func_001E97B0,0x001E97B0,0x8
text,func_001E97B8,0x001E97B8,0x8
text,func_001E97C0,0x001E97C0,0x8
text,func_001E97C8,0x001E97C8,0x8
text,func_001E97D0,0x001E97D0,0x8
text,func_001E97D8,0x001E97D8,0x8
text,func_001E97E0,0x001E97E0,0x8
text,func_001E97E8,0x001E97E8,0x8
text,func_001E97F0,0x001E97F0,0x8
text,func_001E97F8,0x001E97F8,0x8
text,func_001E9800,0x001E9800,0x8
text,func_001E9808,0x001E9808,0x1D0
text,func_001E99D8,0x001E99D8,0x498
text,func_001E9E70,0x001E9E70,0x58
text,func_001E9EC8,0x001E9EC8,0xD1C
text,func_001EABE8,0x001EABE8,0x714
text,func_001EB300,0x001EB300,0x38
text,func_001EB338,0x001EB338,0x11C
text,func_001EB458,0x001EB458,0x364
text,func_001EB7C0,0x001EB7C0,0x330
text,func_001EBAF0,0x001EBAF0,0x58
text,func_001EBB48,0x001EBB48,0x4E8
text,func_001EC030,0x001EC030,0x4
text,func_001EC038,0x001EC038,0x5C
text,func_001EC098,0x001EC098,0x6C
text,func_001EC108,0x001EC108,0x14
text,func_001EC120,0x001EC120,0xE4
text,func_001EC208,0x001EC208,0x4
text,func_001EC210,0x001EC210,0x60
text,func_001EC270,0x001EC270,0x44
text,func_001EC2B8,0x001EC2B8,0x300
text,func_001EC5B8,0x001EC5B8,0x1C4
text,func_001EC780,0x001EC780,0x44
text,func_001EC7C8,0x001EC7C8,0x110
text,func_001EC8D8,0x001EC8D8,0x1DC
text,func_001ECAB8,0x001ECAB8,0xDC
text,func_001ECB98,0x001ECB98,0x74
text,func_001ECC10,0x001ECC10,0x38
text,func_001ECC48,0x001ECC48,0x254
text,func_001ECEA0,0x001ECEA0,0x1E0
text,func_001ED080,0x001ED080,0x5D8
text,func_001ED658,0x001ED658,0xB0
text,func_001ED708,0x001ED708,0x10C
text,func_001ED818,0x001ED818,0x37C
text,func_001EDB98,0x001EDB98,0x14C
text,func_001EDCE8,0x001EDCE8,0x120
text,func_001EDE08,0x001EDE08,0x48
text,func_001EDE50,0x001EDE50,0x188
text,func_001EDFD8,0x001EDFD8,0x1C
text,func_001EDFF8,0x001EDFF8,0x3B4
text,func_001EE3B0,0x001EE3B0,0x31C
text,func_001EE6D0,0x001EE6D0,0x4
text,func_001EE6E0,0x001EE6E0,0x16C
text,func_001EE850,0x001EE850,0x4
text,func_001EE858,0x001EE858,0x18C
text,func_001EE9E8,0x001EE9E8,0xC
text,func_001EE9F8,0x001EE9F8,0x1378
text,func_001EFD70,0x001EFD70,0xA0
text,func_001EFE10,0x001EFE10,0x10F0
text,func_001F0F00,0x001F0F00,0x30
text,func_001F0F30,0x001F0F30,0x3C
text,func_001F0F70,0x001F0F70,0x4
text,func_001F0F78,0x001F0F78,0x74
text,func_001F0FF0,0x001F0FF0,0x4
text,func_001F0FF8,0x001F0FF8,0x8C
text,func_001F1088,0x001F1088,0x1384
text,func_001F2410,0x001F2410,0x4
text,func_001F2418,0x001F2418,0x134
text,func_001F2550,0x001F2550,0x4
text,func_001F2558,0x001F2558,0x8
text,func_001F2560,0x001F2560,0x8
text,func_001F2568,0x001F2568,0x9C
text,func_001F2608,0x001F2608,0x328
text,func_001F2930,0x001F2930,0x104
text,func_001F2A38,0x001F2A38,0xD4
text,func_001F2B10,0x001F2B10,0xB8
text,func_001F2BC8,0x001F2BC8,0x3F0
text,func_001F2FB8,0x001F2FB8,0x50
text,func_001F3008,0x001F3008,0x134
text,func_001F3140,0x001F3140,0x61C
text,func_001F3760,0x001F3760,0x130
text,func_001F3890,0x001F3890,0x300
text,func_001F3B90,0x001F3B90,0x7C
text,func_001F3C10,0x001F3C10,0xEC
text,func_001F3D00,0x001F3D00,0x78
text,func_001F3D78,0x001F3D78,0x878
text,func_001F45F0,0x001F45F0,0x34
text,func_001F4628,0x001F4628,0x4
text,func_001F4630,0x001F4630,0x114
text,func_001F4748,0x001F4748,0x11C
text,func_001F4868,0x001F4868,0x148
text,func_001F49B0,0x001F49B0,0x50
text,func_001F4A00,0x001F4A00,0x78
text,func_001F4A78,0x001F4A78,0x78
text,func_001F4AF0,0x001F4AF0,0x78
text,func_001F4B68,0x001F4B68,0x50
text,func_001F4BB8,0x001F4BB8,0x78
text,func_001F4C30,0x001F4C30,0x1D8
text,func_001F4E08,0x001F4E08,0x188
text,func_001F4F90,0x001F4F90,0x1B8
text,func_001F5148,0x001F5148,0x220
text,func_001F5368,0x001F5368,0x180
text,func_001F54E8,0x001F54E8,0xD8
text,func_001F55C0,0x001F55C0,0x90
text,func_001F5650,0x001F5650,0x1A8
text,func_001F57F8,0x001F57F8,0x4
text,func_001F5800,0x001F5800,0x184
text,func_001F5988,0x001F5988,0x230
text,func_001F5BB8,0x001F5BB8,0x2A8
text,func_001F5E60,0x001F5E60,0x45C
text,func_001F62C0,0x001F62C0,0x4
text,func_001F62C8,0x001F62C8,0x144
text,func_001F6410,0x001F6410,0x184
text,func_001F6598,0x001F6598,0xC
text,func_001F65A8,0x001F65A8,0x8
text,func_001F65B0,0x001F65B0,0x50
text,func_001F6600,0x001F6600,0x20
text,func_001F6620,0x001F6620,0x20
text,func_001F6640,0x001F6640,0x20
text,func_001F6668,0x001F6668,0x280
text,func_001F68E8,0x001F68E8,0x7C
text,func_001F6968,0x001F6968,0x7C
text,func_001F69E8,0x001F69E8,0x4
text,func_001F69F0,0x001F69F0,0x2EC
text,func_001F6CE0,0x001F6CE0,0x14
text,func_001F6CF8,0x001F6CF8,0x8C
text,func_001F6D88,0x001F6D88,0x8C
text,func_001F6E18,0x001F6E18,0x8C
text,func_001F6EA8,0x001F6EA8,0x94
text,func_001F6F40,0x001F6F40,0x94
text,func_001F6FD8,0x001F6FD8,0x94
text,func_001F7070,0x001F7070,0x4F0
text,func_001F7560,0x001F7560,0x6C
text,func_001F75D0,0x001F75D0,0x6C
text,func_001F7640,0x001F7640,0x4
text,func_001F7648,0x001F7648,0x38
text,func_001F7680,0x001F7680,0x1E8
text,func_001F7868,0x001F7868,0x1E8
text,func_001F7A50,0x001F7A50,0xEC
text,func_001F7B40,0x001F7B40,0x2C
text,func_001F7B70,0x001F7B70,0x88
text,func_001F7BF8,0x001F7BF8,0x54
text,func_001F7C50,0x001F7C50,0xC
text,func_001F7C60,0x001F7C60,0x178
text,func_001F7DD8,0x001F7DD8,0xC0
text,func_001F7E98,0x001F7E98,0x60
text,func_001F7EF8,0x001F7EF8,0x5B4
text,func_001F84AC,0x001F84AC,0x80
text,func_001F852C,0x001F852C,0x40
text,func_001F856C,0x001F856C,0x5FC
text,func_001F8B6C,0x001F8B6C,0x64C
text,func_001F91B8,0x001F91B8,0x2BC
text,func_001F9478,0x001F9478,0x398
text,func_001F9810,0x001F9810,0x40
text,func_001F9850,0x001F9850,0x28
text,func_001F9878,0x001F9878,0x10
text,func_001F9888,0x001F9888,0x28
text,func_001F98B0,0x001F98B0,0x10
text,func_001F98C0,0x001F98C0,0x28
text,func_001F98E8,0x001F98E8,0x10
text,func_001F98F8,0x001F98F8,0x10
text,func_001F9908,0x001F9908,0x30
text,func_001F9938,0x001F9938,0x30
text,func_001F9968,0x001F9968,0x10
text,func_001F9978,0x001F9978,0x10
text,func_001F9988,0x001F9988,0x28
text,func_001F99B0,0x001F99B0,0x28
text,func_001F99D8,0x001F99D8,0x28
text,func_001F9A00,0x001F9A00,0x98
text,func_001F9A98,0x001F9A98,0x28
text,func_001F9AC0,0x001F9AC0,0x30
text,func_001F9AF0,0x001F9AF0,0x30
text,func_001F9B20,0x001F9B20,0x28
text,func_001F9B48,0x001F9B48,0x4
text,func_001F9B50,0x001F9B50,0x20
text,func_001F9B70,0x001F9B70,0x18
text,func_001F9B88,0x001F9B88,0x8
text,func_001F9B90,0x001F9B90,0x8
text,func_001F9B98,0x001F9B98,0x8
text,func_001F9BA0,0x001F9BA0,0x10
text,func_001F9BB0,0x001F9BB0,0x10
text,func_001F9BC0,0x001F9BC0,0x8
text,func_001F9BC8,0x001F9BC8,0x10
text,func_001F9BD8,0x001F9BD8,0x18
text,func_001F9BF0,0x001F9BF0,0x18
text,func_001F9C08,0x001F9C08,0x28
text,func_001F9C30,0x001F9C30,0x18
text,func_001F9C48,0x001F9C48,0x18
text,func_001F9C60,0x001F9C60,0x18
text,func_001F9C78,0x001F9C78,0x28
text,func_001F9CA0,0x001F9CA0,0x18
text,func_001F9CB8,0x001F9CB8,0x30
text,func_001F9CE8,0x001F9CE8,0x28
text,func_001F9D10,0x001F9D10,0x38
text,func_001F9D48,0x001F9D48,0x30
text,func_001F9D78,0x001F9D78,0x48
text,func_001F9DC0,0x001F9DC0,0x50
text,func_001F9E10,0x001F9E10,0x48
text,func_001F9E58,0x001F9E58,0x68
text,func_001F9EC0,0x001F9EC0,0x28
text,func_001F9EE8,0x001F9EE8,0x30
text,func_001F9F18,0x001F9F18,0x18
text,func_001F9F30,0x001F9F30,0x28
text,func_001F9F60,0x001F9F60,0x30
text,func_001F9F90,0x001F9F90,0x18
text,func_001F9FA8,0x001F9FA8,0x18
text,func_001F9FC0,0x001F9FC0,0x98
text,func_001FA058,0x001FA058,0x110
text,func_001FA168,0x001FA168,0x28
text,func_001FA190,0x001FA190,0x30
text,func_001FA1C0,0x001FA1C0,0x38
text,func_001FA1F8,0x001FA1F8,0x20
text,func_001FA218,0x001FA218,0x20
text,func_001FA238,0x001FA238,0x228
text,func_001FA460,0x001FA460,0x20
text,func_001FA480,0x001FA480,0x20
text,func_001FA4A0,0x001FA4A0,0x50
text,func_001FA4F0,0x001FA4F0,0x50
text,func_001FA540,0x001FA540,0x48
text,func_001FA588,0x001FA588,0x40
text,func_001FA5C8,0x001FA5C8,0x80
text,func_001FA648,0x001FA648,0x78
text,func_001FA6C0,0x001FA6C0,0x88
text,func_001FA748,0x001FA748,0x48
text,func_001FA790,0x001FA790,0x48
text,func_001FA7D8,0x001FA7D8,0x78
text,func_001FA850,0x001FA850,0x38
text,func_001FA888,0x001FA888,0x10
text,func_001FA898,0x001FA898,0x10
text,func_001FA8A8,0x001FA8A8,0x48
text,func_001FA8F0,0x001FA8F0,0xF8
text,func_001FA9E8,0x001FA9E8,0x3C
text,func_001FAA28,0x001FAA28,0xF8
text,func_001FAB20,0x001FAB20,0x1C
text,func_001FAB40,0x001FAB40,0x904
text,func_001FB448,0x001FB448,0x28
text,func_001FB470,0x001FB470,0x24
text,func_001FB498,0x001FB498,0x94
text,func_001FB530,0x001FB530,0x68
text,func_001FB598,0x001FB598,0x6C
text,func_001FB608,0x001FB608,0x23C
text,func_001FB848,0x001FB848,0x5C
text,func_001FB8A8,0x001FB8A8,0x5C
text,func_001FB908,0x001FB908,0x1B0
text,func_001FBAB8,0x001FBAB8,0x1C0
text,func_001FBC78,0x001FBC78,0x4
text,func_001FBC80,0x001FBC80,0x1FC
text,func_001FBE80,0x001FBE80,0x1568
text,func_001FD3E8,0x001FD3E8,0xB28
text,func_001FDF10,0x001FDF10,0x64
text,func_001FDF78,0x001FDF78,0x4BC
text,func_001FE438,0x001FE438,0x88
text,func_001FE4C0,0x001FE4C0,0x4
text,func_001FE4D0,0x001FE4D0,0x6C
text,func_001FE540,0x001FE540,0x40
text,func_001FE580,0x001FE580,0x4
text,func_001FE588,0x001FE588,0x134
text,func_001FE6C0,0x001FE6C0,0xA04
text,func_001FF0C8,0x001FF0C8,0xE4
text,func_001FF1B0,0x001FF1B0,0x344
text,func_001FF4F8,0x001FF4F8,0x64
text,func_001FF560,0x001FF560,0x100
text,func_001FF660,0x001FF660,0x4
text,func_001FF668,0x001FF668,0x4C
text,func_001FF6B8,0x001FF6B8,0x134
text,func_001FF7F0,0x001FF7F0,0x160
text,func_001FF950,0x001FF950,0x4
text,func_001FF958,0x001FF958,0x138
text,func_001FFA90,0x001FFA90,0x28
text,func_001FFAB8,0x001FFAB8,0x74
text,func_001FFB38,0x001FFB38,0x10C
text,func_001FFC48,0x001FFC48,0x68
text,func_001FFCB0,0x001FFCB0,0x80
text,func_001FFD30,0x001FFD30,0x68
text,func_001FFD98,0x001FFD98,0x4
text,func_001FFDA0,0x001FFDA0,0x74
text,func_001FFE18,0x001FFE18,0x6C
text,func_001FFE88,0x001FFE88,0x80
text,func_001FFF08,0x001FFF08,0x94
text,func_001FFFA0,0x001FFFA0,0x18
text,func_001FFFB8,0x001FFFB8,0x1D4
text,func_00200190,0x00200190,0x4
text,func_00200198,0x00200198,0xAC
text,func_00200248,0x00200248,0x220
text,func_00200468,0x00200468,0x1E8
text,func_00200650,0x00200650,0x25C
text,func_002008B0,0x002008B0,0x4
text,func_002008B8,0x002008B8,0x1D8
text,func_00200A90,0x00200A90,0x210
text,func_00200CA0,0x00200CA0,0x194
text,func_00200E38,0x00200E38,0x354
text,func_00201190,0x00201190,0x1B8
text,func_00201348,0x00201348,0x170
text,func_002014B8,0x002014B8,0x184
text,func_00201640,0x00201640,0x184
text,func_002017C8,0x002017C8,0x180
text,func_00201948,0x00201948,0x14
text,func_00201960,0x00201960,0xD8
text,func_00201A38,0x00201A38,0xA8
text,func_00201AE0,0x00201AE0,0xC
text,func_00201AF0,0x00201AF0,0x264
text,func_00201D58,0x00201D58,0xB4
text,func_00201E10,0x00201E10,0x78
text,func_00201E88,0x00201E88,0x3CC
text,func_00202258,0x00202258,0x4
text,func_00202260,0x00202260,0x180
text,func_002023E0,0x002023E0,0x3B0
text,func_00202790,0x00202790,0x2C
text,func_002027C0,0x002027C0,0x2E8
text,func_00202AA8,0x00202AA8,0x450
text,func_00202EF8,0x00202EF8,0x4
text,func_00202F00,0x00202F00,0x138
text,func_00203038,0x00203038,0xDC
text,func_00203118,0x00203118,0x1B8
text,func_002032D0,0x002032D0,0x274
text,func_00203548,0x00203548,0x64
text,func_002035B0,0x002035B0,0x258
text,func_00203808,0x00203808,0x14C
text,func_00203958,0x00203958,0x1C0
text,func_00203B18,0x00203B18,0x58
text,func_00203B70,0x00203B70,0x304
text,func_00203E78,0x00203E78,0xEC
text,func_00203F68,0x00203F68,0x3D4
text,func_00204340,0x00204340,0x5D4
text,func_00204918,0x00204918,0x2D0
text,func_00204BE8,0x00204BE8,0x78
text,func_00204C60,0x00204C60,0x360
text,func_00204FC0,0x00204FC0,0x254
text,func_00205218,0x00205218,0x4
text,func_00205220,0x00205220,0x50
text,func_00205270,0x00205270,0x2AC
text,func_00205520,0x00205520,0x140
text,func_00205660,0x00205660,0xC4
text,func_00205728,0x00205728,0x64
text,func_00205790,0x00205790,0xA0
text,func_00205830,0x00205830,0x9C
text,func_002058D0,0x002058D0,0x44
text,func_00205918,0x00205918,0x138
text,func_00205A50,0x00205A50,0x54
text,func_00205AA8,0x00205AA8,0x160
text,func_00205C08,0x00205C08,0x64
text,func_00205C70,0x00205C70,0x200
text,func_00205E70,0x00205E70,0x10CC
text,func_00206F40,0x00206F40,0x150
text,func_00207090,0x00207090,0x118
text,func_002071A8,0x002071A8,0x28
text,func_002071D0,0x002071D0,0x10
text,func_002071E0,0x002071E0,0x10
text,func_002071F0,0x002071F0,0x10
text,func_00207200,0x00207200,0xBC
text,func_002072C0,0x002072C0,0x7C
text,func_00207340,0x00207340,0x68
text,func_002073A8,0x002073A8,0xC
text,func_002073B8,0x002073B8,0x10
text,func_002073C8,0x002073C8,0x10
text,func_002073D8,0x002073D8,0x10
text,func_002073E8,0x002073E8,0x10
text,func_002073F8,0x002073F8,0x10
text,func_00207408,0x00207408,0x23C
text,func_00207648,0x00207648,0x138
text,func_00207780,0x00207780,0x1AC
text,func_00207930,0x00207930,0xC0
text,func_002079F0,0x002079F0,0x90
text,func_00207A80,0x00207A80,0xAC
text,func_00207B30,0x00207B30,0xB4
text,func_00207BE8,0x00207BE8,0xC4
text,func_00207CB0,0x00207CB0,0x2C
text,func_00207CE0,0x00207CE0,0x58
text,func_00207D38,0x00207D38,0x74
text,func_00207DB0,0x00207DB0,0x74
text,func_00207E28,0x00207E28,0x34
text,func_00207E60,0x00207E60,0x10
text,func_00207E70,0x00207E70,0x10
text,func_00207E80,0x00207E80,0x10
text,func_00207E90,0x00207E90,0x10
text,func_00207EA0,0x00207EA0,0x10
text,func_00207EB0,0x00207EB0,0x10
text,func_00207EC0,0x00207EC0,0x40
text,func_00207F00,0x00207F00,0x10
text,func_00207F10,0x00207F10,0x10
text,func_00207F20,0x00207F20,0x10
text,func_00207F30,0x00207F30,0x10
text,func_00207F40,0x00207F40,0x10
text,func_00207F50,0x00207F50,0x7C
text,func_00207FD0,0x00207FD0,0x60
text,func_00208030,0x00208030,0x7C
text,func_002080B0,0x002080B0,0xAC
text,func_00208160,0x00208160,0x98
text,func_002081F8,0x002081F8,0x10
text,func_00208208,0x00208208,0x30
text,func_00208238,0x00208238,0x8
text,func_00208240,0x00208240,0x8
text,func_00208248,0x00208248,0x9C
text,func_002082E8,0x002082E8,0x10
text,func_002082F8,0x002082F8,0x10
text,func_00208308,0x00208308,0x10
text,func_00208318,0x00208318,0x10
text,func_00208328,0x00208328,0x10
text,func_00208338,0x00208338,0xA8
text,func_002083E0,0x002083E0,0x78
text,func_00208458,0x00208458,0x230
text,func_00208688,0x00208688,0x1D0
text,func_00208858,0x00208858,0x4
text,func_00208860,0x00208860,0x250
text,func_00208AB0,0x00208AB0,0x17C
text,func_00208C38,0x00208C38,0xF8
text,func_00208D30,0x00208D30,0x4
text,func_00208D38,0x00208D38,0x268
text,func_00208FA0,0x00208FA0,0x9C
text,func_00209040,0x00209040,0x8
text,func_00209048,0x00209048,0x24
text,func_00209070,0x00209070,0xF0
text,func_00209160,0x00209160,0x24
text,func_00209188,0x00209188,0xB0
text,func_00209238,0x00209238,0x54
text,func_00209290,0x00209290,0x58
text,func_002092E8,0x002092E8,0x70
text,func_00209358,0x00209358,0x3C
text,func_00209398,0x00209398,0x7C
text,func_00209418,0x00209418,0x2C
text,func_00209448,0x00209448,0x60
text,func_002094A8,0x002094A8,0x38
text,func_002094E0,0x002094E0,0x40
text,func_00209520,0x00209520,0xC8
text,func_002095E8,0x002095E8,0x38
text,func_00209620,0x00209620,0x78
text,func_00209698,0x00209698,0x40
text,func_002096D8,0x002096D8,0x74
text,func_00209750,0x00209750,0xB8
text,func_00209808,0x00209808,0x50
text,func_00209858,0x00209858,0x50
text,func_002098A8,0x002098A8,0x20
text,func_002098C8,0x002098C8,0x50
text,func_00209918,0x00209918,0x50
text,func_00209968,0x00209968,0x64
text,func_002099D0,0x002099D0,0x48
text,func_00209A18,0x00209A18,0x44
text,func_00209A60,0x00209A60,0x154
text,func_00209BB8,0x00209BB8,0x12C
text,func_00209CE8,0x00209CE8,0xD4
text,func_00209DC0,0x00209DC0,0xA8
text,func_00209E68,0x00209E68,0x1B98
text,func_0020BA00,0x0020BA00,0xA8
text,func_0020BAA8,0x0020BAA8,0x30
text,func_0020BAD8,0x0020BAD8,0x38
text,func_0020BB10,0x0020BB10,0x74
text,func_0020BB88,0x0020BB88,0x3C
text,func_0020BBC8,0x0020BBC8,0xE8
text,func_0020BCB0,0x0020BCB0,0xBC
text,func_0020BD70,0x0020BD70,0x254
text,func_0020BFC8,0x0020BFC8,0x244
text,func_0020C210,0x0020C210,0x20
text,func_0020C230,0x0020C230,0x38
text,func_0020C268,0x0020C268,0x8C
text,func_0020C2F8,0x0020C2F8,0x170
text,func_0020C468,0x0020C468,0x2D0
text,func_0020C738,0x0020C738,0x20
text,func_0020C758,0x0020C758,0x44
text,func_0020C7A0,0x0020C7A0,0x1A0
text,func_0020C940,0x0020C940,0x110
text,func_0020CA50,0x0020CA50,0x12C
text,func_0020CB80,0x0020CB80,0x28
text,func_0020CBA8,0x0020CBA8,0x38
text,func_0020CBE0,0x0020CBE0,0x2C
text,func_0020CC10,0x0020CC10,0x28
text,func_0020CC38,0x0020CC38,0x28
text,func_0020CC60,0x0020CC60,0x28
text,func_0020CC88,0x0020CC88,0x2C
text,func_0020CCB8,0x0020CCB8,0x18
text,func_0020CCD0,0x0020CCD0,0x54
text,func_0020CD28,0x0020CD28,0x2C
text,func_0020CD58,0x0020CD58,0x28
text,func_0020CD80,0x0020CD80,0x24
text,func_0020CDA8,0x0020CDA8,0x10
text,func_0020CDB8,0x0020CDB8,0x28
text,func_0020CDE0,0x0020CDE0,0x560
text,func_0020D348,0x0020D348,0xF8
text,func_0020D440,0x0020D440,0x238
text,func_0020D678,0x0020D678,0x58
text,func_0020D6D0,0x0020D6D0,0xBC
text,func_0020D790,0x0020D790,0x98
text,func_0020D828,0x0020D828,0x4
text,func_0020D830,0x0020D830,0xF4
text,func_0020D928,0x0020D928,0x34
text,func_0020D960,0x0020D960,0x78
text,func_0020D9D8,0x0020D9D8,0x90
text,func_0020DA68,0x0020DA68,0x44
text,func_0020DAB0,0x0020DAB0,0x48
text,func_0020DAF8,0x0020DAF8,0xA0
text,func_0020DB98,0x0020DB98,0xA0
text,func_0020DC38,0x0020DC38,0x4
text,func_0020DC40,0x0020DC40,0x108
text,func_0020DD48,0x0020DD48,0xD8
text,func_0020DE20,0x0020DE20,0x90
text,func_0020DEB0,0x0020DEB0,0x144
text,func_0020DFF8,0x0020DFF8,0x44
text,func_0020E040,0x0020E040,0x28
text,func_0020E068,0x0020E068,0x2C
text,func_0020E098,0x0020E098,0x2C
text,func_0020E0C8,0x0020E0C8,0xB8
text,func_0020E180,0x0020E180,0x80
text,func_0020E200,0x0020E200,0xAC
text,func_0020E2B0,0x0020E2B0,0x80
text,func_0020E330,0x0020E330,0x4
text,func_0020E340,0x0020E340,0x20
text,func_0020E360,0x0020E360,0x70
text,func_0020E3D0,0x0020E3D0,0x2E8
text,func_0020E6B8,0x0020E6B8,0x180
text,func_0020E838,0x0020E838,0x158
text,func_0020E990,0x0020E990,0x60
text,func_0020E9F0,0x0020E9F0,0x80
text,func_0020EA70,0x0020EA70,0x2D4
text,func_0020ED48,0x0020ED48,0x1A0
text,func_0020EEE8,0x0020EEE8,0x48
text,func_0020EF30,0x0020EF30,0xD04
text,func_0020FC38,0x0020FC38,0xCA8
text,func_002108E0,0x002108E0,0xC68
text,func_00211548,0x00211548,0x154
text,func_002116A0,0x002116A0,0x164
text,func_00211808,0x00211808,0xA50
text,func_00212258,0x00212258,0x2B0
text,func_00212508,0x00212508,0x70
text,func_00212578,0x00212578,0xE0
text,func_00212658,0x00212658,0x1420
text,func_00213A78,0x00213A78,0x134
text,func_00213BAC,0x00213BAC,0x4
text,func_00213BB8,0x00213BB8,0xB4
text,func_00213C70,0x00213C70,0x4
text,func_00213C78,0x00213C78,0x94
text,func_00213D10,0x00213D10,0x14
text,func_00213D28,0x00213D28,0xB8
text,func_00213DE0,0x00213DE0,0x148
text,func_00213F28,0x00213F28,0x154
text,func_00214080,0x00214080,0x2C
text,func_002140B0,0x002140B0,0x3C
text,func_002140F0,0x002140F0,0x4
text,func_002140F8,0x002140F8,0x5C
text,func_00214158,0x00214158,0x50
text,func_002141A8,0x002141A8,0x78
text,func_00214220,0x00214220,0x94
text,func_002142B8,0x002142B8,0x9C
text,func_00214358,0x00214358,0x74
text,func_002143D0,0x002143D0,0x6C
text,func_00214440,0x00214440,0xF8
text,func_00214538,0x00214538,0x14
text,func_00214550,0x00214550,0x220
text,func_00214770,0x00214770,0x588
text,func_00214CF8,0x00214CF8,0x2C
text,func_00214D28,0x00214D28,0x54
text,func_00214D80,0x00214D80,0x4
text,func_00214D88,0x00214D88,0x1C8
text,func_00214F50,0x00214F50,0x24
text,func_00214F78,0x00214F78,0xBC
text,func_00215038,0x00215038,0xC
text,func_00215048,0x00215048,0x30
text,func_00215078,0x00215078,0x30
text,func_002150A8,0x002150A8,0x4
text,func_002150B0,0x002150B0,0x274
text,func_00215328,0x00215328,0x4C
text,func_00215378,0x00215378,0x4
text,func_00215380,0x00215380,0x64
text,func_002153E8,0x002153E8,0x124
text,func_00215518,0x00215518,0x54
text,func_00215570,0x00215570,0xD8
text,func_00215648,0x00215648,0x4
text,func_00215650,0x00215650,0x8C
text,func_002156E0,0x002156E0,0xA8
text,func_00215788,0x00215788,0x34
text,func_002157C0,0x002157C0,0x120
text,func_002158E0,0x002158E0,0x4
text,func_002158E8,0x002158E8,0x128
text,func_00215A10,0x00215A10,0x84
text,func_00215A98,0x00215A98,0x7C
text,func_00215B18,0x00215B18,0x8C
text,func_00215BA8,0x00215BA8,0x54
text,func_00215C00,0x00215C00,0x9C
text,func_00215CA0,0x00215CA0,0x4
text,func_00215CA8,0x00215CA8,0x278
text,func_00215F20,0x00215F20,0x5C
text,func_00215F80,0x00215F80,0xA4
text,func_00216028,0x00216028,0x70
text,func_00216098,0x00216098,0x48
text,func_002160E0,0x002160E0,0x70
text,func_00216150,0x00216150,0x48
text,func_00216198,0x00216198,0x48
text,func_002161E0,0x002161E0,0x90
text,func_00216270,0x00216270,0x20
text,func_00216290,0x00216290,0xD4
text,func_00216368,0x00216368,0xE8
text,func_00216450,0x00216450,0xD4
text,func_00216528,0x00216528,0xF8
text,func_00216620,0x00216620,0xCC
text,func_002166F0,0x002166F0,0xCC
text,func_002167C0,0x002167C0,0x19C
text,func_00216960,0x00216960,0x58
text,func_002169B8,0x002169B8,0xD4
text,func_00216A90,0x00216A90,0xD4
text,func_00216B68,0x00216B68,0xE4
text,func_00216C50,0x00216C50,0xE0
text,func_00216D30,0x00216D30,0x54
text,func_00216D88,0x00216D88,0x168
text,func_00216EF0,0x00216EF0,0x34
text,func_00216F28,0x00216F28,0x1C
text,func_00216F48,0x00216F48,0x1E8
text,func_00217130,0x00217130,0x454
text,func_00217588,0x00217588,0x40
text,func_002175C8,0x002175C8,0x60
text,func_00217628,0x00217628,0xA0
text,func_002176C8,0x002176C8,0x7C
text,func_00217748,0x00217748,0xA8
text,func_002177F0,0x002177F0,0x40
text,func_00217830,0x00217830,0x30
text,func_00217860,0x00217860,0x5C
text,func_002178C0,0x002178C0,0x5C
text,func_00217920,0x00217920,0x4C
text,func_00217970,0x00217970,0x54
text,func_002179C8,0x002179C8,0x3C
text,func_00217A08,0x00217A08,0x58
text,func_00217A60,0x00217A60,0x6C
text,func_00217AD0,0x00217AD0,0x14
text,func_00217AE8,0x00217AE8,0x3D8
text,func_00217EC0,0x00217EC0,0x14
text,func_00217ED8,0x00217ED8,0xC
text,func_00217EE8,0x00217EE8,0x80
text,func_00217F68,0x00217F68,0x21C
text,func_00218188,0x00218188,0x64
text,func_002181F0,0x002181F0,0x718
text,func_00218908,0x00218908,0x20
text,func_00218928,0x00218928,0x8
text,func_00218930,0x00218930,0x148
text,func_00218A78,0x00218A78,0x4
text,func_00218A80,0x00218A80,0x8C
text,func_00218B10,0x00218B10,0xBF4
text,func_00219704,0x00219704,0x70
text,func_00219778,0x00219778,0x4
text,func_00219780,0x00219780,0x1D4
text,func_00219958,0x00219958,0x2AC
text,func_00219C08,0x00219C08,0x68
text,func_00219C70,0x00219C70,0x1D4
text,func_00219E48,0x00219E48,0x14
text,func_00219E60,0x00219E60,0x2C
text,func_00219E90,0x00219E90,0x220
text,func_0021A0B0,0x0021A0B0,0xF0
text,func_0021A1A0,0x0021A1A0,0x46C
text,func_0021A610,0x0021A610,0x6C4
text,func_0021ACD8,0x0021ACD8,0x90
text,func_0021AD68,0x0021AD68,0x190
text,func_0021AEF8,0x0021AEF8,0x20C
text,func_0021B108,0x0021B108,0x2C
text,func_0021B138,0x0021B138,0x13C
text,func_0021B278,0x0021B278,0x8
text,func_0021B280,0x0021B280,0x8
text,func_0021B288,0x0021B288,0x10
text,func_0021B298,0x0021B298,0x8F8
text,func_0021BB90,0x0021BB90,0x61C
text,func_0021C1B0,0x0021C1B0,0x50C
text,func_0021C6C0,0x0021C6C0,0xD0
text,func_0021C790,0x0021C790,0xB0
text,func_0021C840,0x0021C840,0x558
text,func_0021CD98,0x0021CD98,0x8
text,func_0021CDA0,0x0021CDA0,0xBC
text,func_0021CE60,0x0021CE60,0x5C0
text,func_0021D420,0x0021D420,0x9C
text,func_0021D4C0,0x0021D4C0,0x2E0
text,func_0021D7A0,0x0021D7A0,0x228
text,func_0021D9C8,0x0021D9C8,0x98
text,func_0021DA60,0x0021DA60,0x34
text,func_0021DA98,0x0021DA98,0x2C
text,func_0021DAC8,0x0021DAC8,0x14
text,func_0021DAE0,0x0021DAE0,0x20
text,func_0021DB00,0x0021DB00,0x30
text,func_0021DB30,0x0021DB30,0x2D4
text,func_0021DE08,0x0021DE08,0x368
text,func_0021E170,0x0021E170,0x88
text,func_0021E1F8,0x0021E1F8,0x8
text,func_0021E200,0x0021E200,0xCC
text,func_0021E2D0,0x0021E2D0,0x6C
text,func_0021E340,0x0021E340,0x16C
text,func_0021E4B0,0x0021E4B0,0x4A0
text,func_0021E950,0x0021E950,0x484
text,func_0021EDD8,0x0021EDD8,0x28
text,func_0021EE00,0x0021EE00,0x130
text,func_0021EF30,0x0021EF30,0x8
text,func_0021EF38,0x0021EF38,0x24
text,func_0021EF60,0x0021EF60,0x3C
text,func_0021EFA0,0x0021EFA0,0x174
text,func_0021F118,0x0021F118,0xE4
text,func_0021F200,0x0021F200,0x38
text,func_0021F238,0x0021F238,0x3D8
text,func_0021F610,0x0021F610,0x8C
text,func_0021F6A0,0x0021F6A0,0x130
text,func_0021F7D0,0x0021F7D0,0xC8
text,func_0021F898,0x0021F898,0x1B8
text,func_0021FA50,0x0021FA50,0xA8
text,func_0021FAF8,0x0021FAF8,0x30
text,func_0021FB28,0x0021FB28,0x454
text,func_0021FF80,0x0021FF80,0x1A8
text,func_00220128,0x00220128,0x38
text,func_00220160,0x00220160,0x1D4
text,func_00220338,0x00220338,0x38
text,func_00220370,0x00220370,0x28C
text,func_00220600,0x00220600,0x90
text,func_00220690,0x00220690,0x264
text,func_002208F8,0x002208F8,0xA4
text,func_002209A0,0x002209A0,0x2EC
text,func_00220C90,0x00220C90,0x74
text,func_00220D08,0x00220D08,0x94
text,func_00220DA0,0x00220DA0,0x4C
text,func_00220DF0,0x00220DF0,0x590
text,func_00221380,0x00221380,0x308
text,func_00221688,0x00221688,0x13C
text,func_002217C8,0x002217C8,0xC0
text,func_00221888,0x00221888,0x2D0
text,func_00221B58,0x00221B58,0x304
text,func_00221E60,0x00221E60,0x20C
text,func_00222070,0x00222070,0x284
text,func_002222F8,0x002222F8,0x1B0
text,func_002224A8,0x002224A8,0x194
text,func_00222640,0x00222640,0xC8
text,func_00222708,0x00222708,0x134
text,func_00222840,0x00222840,0x8
text,func_00222848,0x00222848,0x108
text,func_00222950,0x00222950,0x28
text,func_00222978,0x00222978,0x38
text,func_002229B0,0x002229B0,0xDC
text,func_00222A90,0x00222A90,0x3C
text,func_00222AD0,0x00222AD0,0x30
text,func_00222B00,0x00222B00,0x94
text,func_00222B98,0x00222B98,0x1D4
text,func_00222D70,0x00222D70,0x3C
text,func_00222DB0,0x00222DB0,0xE8
text,func_00222E98,0x00222E98,0x10C
text,func_00222FA8,0x00222FA8,0x198
text,func_00223140,0x00223140,0x19C
text,func_002232E0,0x002232E0,0x194
text,func_00223478,0x00223478,0x14
text,func_00223490,0x00223490,0x37C
text,func_00223810,0x00223810,0x1E0
text,func_002239F0,0x002239F0,0x150
text,func_00223B40,0x00223B40,0x2FC
text,func_00223E40,0x00223E40,0x190
text,func_00223FD0,0x00223FD0,0x3C
text,func_00224010,0x00224010,0x30
text,func_00224040,0x00224040,0x3A8
text,func_002243E8,0x002243E8,0x340
text,func_00224728,0x00224728,0x508
text,func_00224C30,0x00224C30,0x484
text,func_002250B8,0x002250B8,0x29C
text,func_00225358,0x00225358,0x1EC
text,func_00225548,0x00225548,0xB0
text,func_002255F8,0x002255F8,0x7F8
text,func_00225DF0,0x00225DF0,0x8
text,func_00225DF8,0x00225DF8,0x8
text,func_00225E00,0x00225E00,0x1B4
text,func_00225FB8,0x00225FB8,0xEC
text,func_002260A8,0x002260A8,0x1A8
text,func_00226250,0x00226250,0x130
text,func_00226380,0x00226380,0x90
text,func_00226410,0x00226410,0x310
text,func_00226720,0x00226720,0xA0
text,func_002267C0,0x002267C0,0x44
text,func_00226808,0x00226808,0xE8
text,func_002268F0,0x002268F0,0x84
text,func_00226978,0x00226978,0x37C
text,func_00226CF8,0x00226CF8,0x50
text,func_00226D48,0x00226D48,0x8
text,func_00226D50,0x00226D50,0x154
text,func_00226EA8,0x00226EA8,0xBC
text,func_00226F68,0x00226F68,0xB0
text,func_00227018,0x00227018,0x50
text,func_00227068,0x00227068,0x44
text,func_002270B0,0x002270B0,0x4C
text,func_00227100,0x00227100,0x78C
text,func_00227890,0x00227890,0x94
text,func_00227928,0x00227928,0xA4
text,func_002279D0,0x002279D0,0x5C
text,func_00227A30,0x00227A30,0x40
text,func_00227A70,0x00227A70,0x90
text,func_00227B00,0x00227B00,0x178
text,func_00227C78,0x00227C78,0xA4
text,func_00227D20,0x00227D20,0x90
text,func_00227DB0,0x00227DB0,0x35C
text,func_00228110,0x00228110,0x50
text,func_00228160,0x00228160,0x100
text,func_00228268,0x00228268,0x50
text,func_002282B8,0x002282B8,0x14
text,func_002282D0,0x002282D0,0x130
text,func_00228400,0x00228400,0x54
text,func_00228458,0x00228458,0x90
text,func_002284E8,0x002284E8,0x1A8
text,func_00228690,0x00228690,0x1CC
text,func_00228860,0x00228860,0x1F4
text,func_00228A58,0x00228A58,0x2C8
text,func_00228D20,0x00228D20,0x378
text,func_00229098,0x00229098,0x14C
text,func_002291E8,0x002291E8,0x64C
text,func_00229838,0x00229838,0x74
text,func_002298B0,0x002298B0,0x354
text,func_00229C08,0x00229C08,0x13C
text,func_00229D48,0x00229D48,0x104
text,func_00229E50,0x00229E50,0xB0
text,func_00229F00,0x00229F00,0x1744
text,func_0022B648,0x0022B648,0x2AC
text,func_0022B8F8,0x0022B8F8,0x5B4
text,func_0022BEB0,0x0022BEB0,0x2D4
text,func_0022C188,0x0022C188,0x414
text,func_0022C5A0,0x0022C5A0,0x240
text,func_0022C7E0,0x0022C7E0,0x8C
text,func_0022C870,0x0022C870,0x12C
text,func_0022C9A0,0x0022C9A0,0x4
text,func_0022C9A8,0x0022C9A8,0x58
text,func_0022CA00,0x0022CA00,0x23C
text,func_0022CC40,0x0022CC40,0x274
text,func_0022CEB8,0x0022CEB8,0x324
text,func_0022D1DC,0x0022D1DC,0xD0
text,func_0022D2AC,0x0022D2AC,0x14C
text,func_0022D3F8,0x0022D3F8,0x128
text,func_0022D520,0x0022D520,0x194
text,func_0022D6B4,0x0022D6B4,0x128
text,func_0022D7E0,0x0022D7E0,0xE0
text,func_0022D8C0,0x0022D8C0,0xAC
text,func_0022D970,0x0022D970,0x9C
text,func_0022DA10,0x0022DA10,0xEC
text,func_0022DB00,0x0022DB00,0x44
text,func_0022DB48,0x0022DB48,0xA0
text,func_0022DBE8,0x0022DBE8,0x17C
text,func_0022DD68,0x0022DD68,0xCB4
text,func_0022EA20,0x0022EA20,0x84
text,func_0022EAB0,0x0022EAB0,0x54
text,func_0022EB08,0x0022EB08,0x274
text,func_0022ED80,0x0022ED80,0xA4
text,func_0022EE28,0x0022EE28,0x8C
text,func_0022EEB8,0x0022EEB8,0x94
text,func_0022EF50,0x0022EF50,0x14
text,func_0022EF68,0x0022EF68,0x78
text,func_0022EFE8,0x0022EFE8,0xA8
text,func_0022F090,0x0022F090,0x18
text,func_0022F0A8,0x0022F0A8,0x44
text,func_0022F0F0,0x0022F0F0,0x2C
text,func_0022F120,0x0022F120,0x4
text,func_0022F128,0x0022F128,0x130
text,func_0022F258,0x0022F258,0x22C
text,func_0022F498,0x0022F498,0x4
text,func_0022F4A0,0x0022F4A0,0x1C
text,func_0022F4C0,0x0022F4C0,0x278
text,func_0022F738,0x0022F738,0x4A4
text,func_0022FBE0,0x0022FBE0,0x13C
text,func_0022FD20,0x0022FD20,0xA0
text,func_0022FDC0,0x0022FDC0,0x7DC
text,func_002305A0,0x002305A0,0x328
text,func_002308C8,0x002308C8,0x1C8
text,func_00230A90,0x00230A90,0x176C
text,func_00232200,0x00232200,0x78
text,func_00232278,0x00232278,0x6A8
text,func_00232920,0x00232920,0xE0
text,func_00232A00,0x00232A00,0x18C
text,func_00232B90,0x00232B90,0x35C
text,func_00232EF0,0x00232EF0,0x418
text,func_00233308,0x00233308,0x7B0
text,func_00233AB8,0x00233AB8,0x540
text,func_00233FF8,0x00233FF8,0x1C
text,func_00234018,0x00234018,0x13C
text,func_00234158,0x00234158,0xE0
text,func_00234238,0x00234238,0x118
text,func_00234350,0x00234350,0x28
text,func_00234380,0x00234380,0x158
text,func_002344D8,0x002344D8,0x144
text,func_00234620,0x00234620,0x9C
text,func_002346C0,0x002346C0,0x128
text,func_002347F0,0x002347F0,0xC8
text,func_002348B8,0x002348B8,0x2C
text,func_002348E8,0x002348E8,0x5C
text,func_00234948,0x00234948,0x70
text,func_002349B8,0x002349B8,0x110
text,func_00234AC8,0x00234AC8,0x80
text,func_00234B48,0x00234B48,0x4C
text,func_00234B98,0x00234B98,0x4
text,func_00234BA0,0x00234BA0,0xA4
text,func_00234C48,0x00234C48,0x4
text,func_00234C50,0x00234C50,0x48
text,func_00234C98,0x00234C98,0xB4
text,func_00234D50,0x00234D50,0x4
text,func_00234D58,0x00234D58,0x11C
text,func_00234E78,0x00234E78,0x4
text,func_00234E80,0x00234E80,0x5C
text,func_00234EE0,0x00234EE0,0x5C
text,func_00234F40,0x00234F40,0x5C
text,func_00234FA0,0x00234FA0,0x4
text,func_00234FA8,0x00234FA8,0x5C
text,func_00235008,0x00235008,0xC
text,func_00235018,0x00235018,0x90
text,func_002350A8,0x002350A8,0x70
text,func_00235118,0x00235118,0xFC
text,func_00235218,0x00235218,0x74
text,func_00235290,0x00235290,0x34
text,func_002352C8,0x002352C8,0xC28
text,func_00235EF0,0x00235EF0,0x16C
text,func_00236060,0x00236060,0x250
text,func_002362B0,0x002362B0,0x6A4
text,func_00236958,0x00236958,0x13C
text,func_00236A98,0x00236A98,0xC0
text,func_00236B58,0x00236B58,0x54
text,func_00236BB0,0x00236BB0,0x2C
text,func_00236BE0,0x00236BE0,0xC8
text,func_00236CA8,0x00236CA8,0x258
text,func_00236F00,0x00236F00,0x14D4
text,func_002383D8,0x002383D8,0x2AC
text,func_00238688,0x00238688,0x6FC
text,func_00238D88,0x00238D88,0x8
text,func_00238D90,0x00238D90,0x204
text,func_00238F98,0x00238F98,0x1E4
text,func_00239180,0x00239180,0x24
text,func_002391A8,0x002391A8,0x3C
text,func_002391E8,0x002391E8,0x424
text,func_00239610,0x00239610,0x14
text,func_00239628,0x00239628,0x210
text,func_00239838,0x00239838,0x10C
text,func_00239948,0x00239948,0x58
text,func_002399A0,0x002399A0,0x60
text,func_00239A00,0x00239A00,0x2F4
text,func_00239CF8,0x00239CF8,0x524
text,func_0023A220,0x0023A220,0x258
text,func_0023A478,0x0023A478,0x15C
text,func_0023A5D8,0x0023A5D8,0x4
text,func_0023A5E0,0x0023A5E0,0x364
text,func_0023A948,0x0023A948,0xBC
text,func_0023AA08,0x0023AA08,0x2C
text,func_0023AA38,0x0023AA38,0x5CC
text,func_0023B008,0x0023B008,0xC
text,func_0023B018,0x0023B018,0x1C4
text,func_0023B1E8,0x0023B1E8,0x24
text,func_0023B210,0x0023B210,0x2F4
text,func_0023B510,0x0023B510,0xBC
text,func_0023B5D0,0x0023B5D0,0x9C
text,func_0023B670,0x0023B670,0xD0
text,func_0023B740,0x0023B740,0x400
text,func_0023BB40,0x0023BB40,0x1C
text,func_0023BB60,0x0023BB60,0x2C
text,func_0023BB90,0x0023BB90,0x2A4
text,func_0023BE38,0x0023BE38,0x10C
text,func_0023BF48,0x0023BF48,0x24
text,func_0023BF70,0x0023BF70,0x2C
text,func_0023BFA0,0x0023BFA0,0xBC
text,func_0023C060,0x0023C060,0x20
text,func_0023C080,0x0023C080,0x4
text,func_0023C088,0x0023C088,0x58
text,func_0023C0E0,0x0023C0E0,0x44
text,func_0023C128,0x0023C128,0xD0
text,func_0023C1F8,0x0023C1F8,0xB4
text,func_0023C2B0,0x0023C2B0,0x10
text,func_0023C2C0,0x0023C2C0,0x24
text,func_0023C2E8,0x0023C2E8,0xA8
text,func_0023C390,0x0023C390,0x24C
text,func_0023C5E0,0x0023C5E0,0x1C4
text,func_0023C7A8,0x0023C7A8,0x168
text,func_0023C910,0x0023C910,0x4C
text,func_0023C960,0x0023C960,0x4C
text,func_0023C9B0,0x0023C9B0,0x10
text,func_0023C9C0,0x0023C9C0,0x138
text,func_0023CAF8,0x0023CAF8,0xE4
text,func_0023CBE0,0x0023CBE0,0x130
text,func_0023CD10,0x0023CD10,0x18
text,func_0023CD28,0x0023CD28,0x8
text,func_0023CD30,0x0023CD30,0x30
text,func_0023CD60,0x0023CD60,0x44
text,func_0023CDA8,0x0023CDA8,0x48
text,func_0023CDF0,0x0023CDF0,0x24
text,func_0023CE18,0x0023CE18,0x10
text,func_0023CE28,0x0023CE28,0x8
text,func_0023CE30,0x0023CE30,0x98
text,func_0023CEC8,0x0023CEC8,0x44
text,func_0023CF10,0x0023CF10,0x6C
text,func_0023CF80,0x0023CF80,0x6C
text,func_0023CFF0,0x0023CFF0,0x24
text,func_0023D018,0x0023D018,0x78
text,func_0023D090,0x0023D090,0x160
text,func_0023D1F0,0x0023D1F0,0xF4
text,func_0023D2E8,0x0023D2E8,0x54
text,func_0023D340,0x0023D340,0x1FC
text,func_0023D540,0x0023D540,0x110
text,func_0023D650,0x0023D650,0x338
text,func_0023D988,0x0023D988,0x58
text,func_0023D9E0,0x0023D9E0,0x4C
text,func_0023DA30,0x0023DA30,0x54
text,func_0023DA88,0x0023DA88,0x154
text,func_0023DBE0,0x0023DBE0,0x110
text,func_0023DCF0,0x0023DCF0,0x1A4
text,func_0023DE98,0x0023DE98,0x100
text,func_0023DF98,0x0023DF98,0x4
text,func_0023DFA0,0x0023DFA0,0x20
text,func_0023DFC0,0x0023DFC0,0x1C
text,func_0023DFE0,0x0023DFE0,0x1C
text,func_0023E000,0x0023E000,0x8
text,func_0023E008,0x0023E008,0x34
text,func_0023E040,0x0023E040,0xC
text,func_0023E050,0x0023E050,0x8
text,func_0023E058,0x0023E058,0xC
text,func_0023E068,0x0023E068,0x48
text,func_0023E0B0,0x0023E0B0,0x1C
text,func_0023E0D0,0x0023E0D0,0x4
text,func_0023E0D8,0x0023E0D8,0xD8
text,func_0023E1B0,0x0023E1B0,0x48
text,func_0023E1F8,0x0023E1F8,0x9C
text,func_0023E298,0x0023E298,0x1B4
text,func_0023E450,0x0023E450,0x28
text,func_0023E478,0x0023E478,0x38
text,func_0023E4B0,0x0023E4B0,0x30
text,func_0023E4E0,0x0023E4E0,0x30
text,func_0023E510,0x0023E510,0x50
text,func_0023E560,0x0023E560,0x4C
text,func_0023E5B0,0x0023E5B0,0x8
text,func_0023E5B8,0x0023E5B8,0x10
text,func_0023E5C8,0x0023E5C8,0x14
text,func_0023E5E0,0x0023E5E0,0x78
text,func_0023E658,0x0023E658,0x40
text,func_0023E698,0x0023E698,0xC
text,func_0023E6A8,0x0023E6A8,0x64
text,func_0023E710,0x0023E710,0x20
